[
  {
     "type":"custom:API",
     "id":"API_1",
     "x":806,
     "y":210
  },
  {
     "type":"custom:HumanInLoop",
     "id":"HummanInLoop_1",
     "x":806,
     "y":210
  },
  {
     "type":"custom:LLM",
     "id":"LLM_1",
     "x":806,
     "y":210
  },
  {
     "type":"custom:PromptVariable",
     "id":"PromptVariable_1",
     "x":806,
     "y":210
  },
  {
     "type":"custom:Scheduler",
     "id":"Scheduler_1",
     "x":806,
     "y":210
  },
  {
     "type":"custom:SqlQuery",
     "id":"SqlQuery_1",
     "x":806,
     "y":210
  },
  {
     "type":"custom:Vector",
     "id":"Vector_1",
     "x":806,
     "y":210
  },
  {
     "type":"custom:DataSchema",
     "id":"DataSchema_1",
     "x":806,
     "y":210
   },
   {
      "type":"custom:DottedFlow",
      "id":"CustomDottedFlow_1",
      "waypoints":[]
   }
] 